CREATE USER 'dbuser'@'localhost' IDENTIFIED BY 'dbpassword';
GRANT ALL PRIVILEGES ON * . * TO 'dbuser'@'localhost';
CREATE DATABASE dbdemo;

CREATE TABLE login (
id INT(6) UNSIGNED AUTO_INCREMENT PRIMARY KEY,
username VARCHAR(30) NOT NULL,
password VARCHAR(30) NOT NULL);


CREATE USER 'dbuser'@'localhost' IDENTIFIED BY 'dbpassword';
GRANT ALL PRIVILEGES ON * . * TO 'dbuser'@'localhost';

INSERT INTO login(username, password) values('Peter', 'Pan');
INSERT INTO login(username, password) values('Jack', 'Smith');

https://www.tutorialspoint.com/php/php_mysql_login.htm



SELECT COLUMN_NAME FROM INFORMATION_SCHEMA.COLUMNS WHERE TABLE_SCHEMA = 'site' AND TABLE_NAME = 'users'

limit 0,1
limit 1,1


mysql> select * from login;
+----+----------+----------+
| id | username | password |
+----+----------+----------+
|  1 | Peter    | Pan      |
|  2 | Jack     | Smith    |
+----+----------+----------+
2 rows in set (0,00 sec)

mysql> select concat(id,username,password) from login;
+------------------------------+
| concat(id,username,password) |
+------------------------------+
| 1PeterPan                    |
| 2JackSmith                   |
+------------------------------+
2 rows in set (0,00 sec)

mysql> select group_concat(id,username,password) from login;
+------------------------------------+
| group_concat(id,username,password) |
+------------------------------------+
| 1PeterPan,2JackSmith               |
+------------------------------------+
1 row in set (0,00 sec)

* geht nicht!
